"SNP_index","loading_value","solcap_SNP_ID","PC"
"1081",0.0033094036283808,"solcap_snp_c1_6411","PC1"
"2401",0.00274329227429082,"solcap_snp_c2_25662","PC1"
"2420",0.00322960065926219,"solcap_snp_c2_26040","PC1"
"3403",0.00281145399578824,"solcap_snp_c2_39085","PC1"
"2657",0.00252315507464241,"solcap_snp_c2_28903","PC2"
