"SNP_index","loading_value","solcap_SNP_ID","LD"
"76",0.005437621931914,"solcap_snp_c1_10737","LD1"
"302",0.00516160392699041,"solcap_snp_c1_12978","LD1"
"303",0.00836839513422,"solcap_snp_c1_12981","LD1"
"362",0.00511102158117071,"solcap_snp_c1_13762","LD1"
"480",0.00549328158638961,"solcap_snp_c1_15081","LD1"
"481",0.0052451308072505,"solcap_snp_c1_15085","LD1"
"702",0.00836904481744416,"solcap_snp_c1_2352","LD1"
"819",0.00506125455646338,"solcap_snp_c1_3608","LD1"
"880",0.00515295005213121,"solcap_snp_c1_4172","LD1"
"1015",0.00602785343623549,"solcap_snp_c1_5750","LD1"
"1018",0.00677356589213135,"solcap_snp_c1_5766","LD1"
"1152",0.0056918855804385,"solcap_snp_c1_7412","LD1"
"1408",0.00501177194772331,"solcap_snp_c2_10443","LD1"
"423",0.00550193176142938,"solcap_snp_c1_14398","LD2"
"700",0.00505681185794551,"solcap_snp_c1_2333","LD2"
"896",0.00599960181895948,"solcap_snp_c1_4319","LD2"
"184",0.00764087171390106,"solcap_snp_c1_11758","LD3"
"426",0.0061860687722533,"solcap_snp_c1_14403","LD3"
"430",0.00730125578009672,"solcap_snp_c1_14569","LD3"
"431",0.00645799132881462,"solcap_snp_c1_14577","LD3"
"433",0.00646162577182227,"solcap_snp_c1_14588","LD3"
"548",0.00528227931063033,"solcap_snp_c1_15829","LD3"
"586",0.00577321323629391,"solcap_snp_c1_16127","LD3"
"595",0.00524414553901945,"solcap_snp_c1_16178","LD3"
"771",0.00559429169329382,"solcap_snp_c1_3159","LD3"
"867",0.00570589794078081,"solcap_snp_c1_4076","LD3"
"886",0.00648257718118633,"solcap_snp_c1_4222","LD3"
"1178",0.00579999435009594,"solcap_snp_c1_7739","LD3"
"1192",0.00553333064155373,"solcap_snp_c1_7872","LD3"
"1320",0.0065492667775606,"solcap_snp_c1_9153","LD3"
